name,email,gender,status
Amaria,maria.ramakrishna@15ce.com,male,1
Allasani,alli.peddana@15ce.com,male,1
Test 02/10/2021 21:30:44,test.20211002093044733@somedomain.com,male,1
Test 02/10/2021 21:30:47,test.20211002093047574@somedomain.com,male,1
Test 02/10/2021 21:30:52,test.20211002093052265@somedomain.com,male,1
Dhanu Varma,dhanu_varma@mertz-gibson.io,male,0
Chidananda Trivedi,chidananda_trivedi@toy.net,female,1
Gandharv Ahuja,ahuja_gandharv@wolff-murray.net,female,0
Geetanjali Acharya,geetanjali_acharya@brown-hintz.com,male,1
Bankimchandra Jha,jha_bankimchandra@reinger.io,male,1
Dayaananda Dutta,dayaananda_dutta@hintz-cummerata.co,male,1
Mr.Testing User02_edited,testing.user_03@test.com,male,1
Pramila Jha I,i_jha_pramila@marvin.com,male,1
Udit Iyer,udit_iyer@greenholt.info,male,0
Karthik Kaniyar,karthik_kaniyar@bahringer.io,male,1
Mrs. Ekaling Pothuvaal,pothuvaal_mrs_ekaling@dicki-schowalter.io,female,0
Prof. Bankimchandra Dutta,prof_dutta_bankimchandra@mills.co,female,1
Kama Mehra,mehra_kama@vonrueden-reinger.co,female,1
Mr. Carissa Hoeger,Tianna97@example.net,female,0
rama,rama@sa.com,male,1
